<?xml version="1.0" encoding="UTF-8" ?>
<feed xmlns="http://www.w3.org/2005/Atom">
        <title>Yelko Santana González pagina tiempo:</title> 
        <link href="https://www.tiempo.es" /> 
        <updated>2003-12-13T18:30:02Z</updated>
        <author><name>Yelko</name></author>
        <id>urn:uuid:60a76c90-d399-11d9-b93C-0003939e0af6</id>
        
        <entry>
            <title>Noticia:</title> 
            <link href="https://www.lancelotdigital.com/lanzarote/cesar-manrique-ya-es-medalla-de-oro-de-teguise" /> 
            <updated>2003-11-13T18:30:02Z</updated>
            <author><name>Yelko</name></author>
            <id>urn:uuid:60a76c80-d399-11d9-b93C-0003939e0af6</id>
        </entry>
    
        <entry>
            <title>Noticia dos:</title> 
            <link href="https://www.eldia.es/sociedad/2020/01/30/mejores-fp-canaria/1045906.html" /> 
            <updated>2003-10-13T18:30:02Z</updated>
            <author><name>Yelko</name></author>
            <id>urn:uuid:60a76c80-d399-1559-b93C-0003939e0af6</id>
        </entry>   
</feed>