<?xml version="1.0" encoding="UTF-8" ?>
<rss version="2.0" xmlns:atom="http://www.w3.org/2005/Atom">
    <channel>
        <title>
            Yelko Santana González pagina tiempo:
        </title> 
        <link>
            https://www.tiempo.es
        </link> 
        <description>
            No pongo mi ciudad porque pagina cualquier lugar que pongo salta un error.
        </description> 
        <language>
            es-ES
        </language>
        <item>
            <title>
               Noticia:
            </title> 
            <link>
               https://www.lancelotdigital.com/lanzarote/cesar-manrique-ya-es-medalla-de-oro-de-teguise
            </link> 
            <description>
                Pagina sobre premio al difunto cesar manrique.
            </description> 
        </item>
        <item>
            <title>
                Noticia dos:
            </title> 
            <link>
               https://www.eldia.es/sociedad/2020/01/30/mejores-fp-canaria/1045906.html
            </link> 
            <description>
                Enlaces en local no me los valida ninguna forma asique pongo otro de la red, en atom si me los valida deje dos lados mismo link.
            </description> 
        </item>
    </channel>
</rss>